{
  "loss_train":{
    "0":[
      [
        1.0036146209,
        0.1573765601,
        0.0891345909,
        0.0628488267,
        0.0480161027,
        0.0382562665,
        0.0310154942,
        0.0255242207,
        0.0210717501,
        0.0172940461
      ],
      [
        1.00442688,
        0.1559139471,
        0.0878738948,
        0.0617423092,
        0.046980447,
        0.0372075949,
        0.0301150726,
        0.0245292816,
        0.0202134808,
        0.0165498462
      ],
      [
        1.0021353826,
        0.1561855301,
        0.0887501731,
        0.0631439405,
        0.0486190984,
        0.0388746036,
        0.0316321995,
        0.0258376971,
        0.021119168,
        0.0170426725
      ],
      [
        1.0061635021,
        0.1578292618,
        0.0892967997,
        0.062890229,
        0.0483071043,
        0.0387002467,
        0.03158442,
        0.0259116529,
        0.021266888,
        0.0173756399
      ],
      [
        1.0048930089,
        0.1561238368,
        0.0879184395,
        0.0621790303,
        0.047468541,
        0.0375563299,
        0.0303301377,
        0.0250670067,
        0.020684374,
        0.0170492664
      ]
    ],
    "1":[
      [
        1.0926432769,
        0.1653956789,
        0.0943326457,
        0.0698588515,
        0.057225871,
        0.0492638585,
        0.0436156503,
        0.0390462751,
        0.0353827185,
        0.0325005514
      ],
      [
        1.0943314232,
        0.1657209559,
        0.0950376731,
        0.0710767139,
        0.0583291132,
        0.0500700617,
        0.0441348606,
        0.0394896785,
        0.0357322096,
        0.0325967761
      ],
      [
        1.093933476,
        0.1682890763,
        0.0965974427,
        0.0718894174,
        0.0591189159,
        0.0511989796,
        0.0451619179,
        0.0404159127,
        0.0366421291,
        0.0334728896
      ],
      [
        1.0900349844,
        0.1657770114,
        0.0949939867,
        0.0701779973,
        0.0575164771,
        0.0495356711,
        0.0438606554,
        0.0392077794,
        0.0355829625,
        0.0325250672
      ],
      [
        1.0940715171,
        0.1643560321,
        0.0939396808,
        0.0696537068,
        0.0568996984,
        0.0488195695,
        0.0430094089,
        0.0385464885,
        0.0349430393,
        0.0319262147
      ]
    ],
    "2":[
      [
        1.7922594567,
        0.3158316751,
        0.154768169,
        0.0975846306,
        0.0714375789,
        0.0560246603,
        0.0459981574,
        0.0382920448,
        0.0321592033,
        0.0273619933
      ],
      [
        1.788905751,
        0.312029721,
        0.1540750562,
        0.099020633,
        0.0729956576,
        0.0581097245,
        0.0481487012,
        0.0400700459,
        0.0332166742,
        0.0280599689
      ],
      [
        1.79108147,
        0.3124055378,
        0.1543135218,
        0.0991659842,
        0.0727844027,
        0.0570292616,
        0.0464465539,
        0.0384784155,
        0.0320587925,
        0.0267160476
      ],
      [
        1.7897146594,
        0.3114370306,
        0.1555383775,
        0.100579322,
        0.0737545872,
        0.0584133936,
        0.0480618961,
        0.0402258849,
        0.033933245,
        0.0284668711
      ],
      [
        1.7870742028,
        0.3108887803,
        0.1544380166,
        0.0988583613,
        0.0719960211,
        0.0562202008,
        0.045787104,
        0.038179909,
        0.0323501439,
        0.0269798165
      ]
    ]
  },
  "metric_train":{
    "0":[
      [
        0.7155625,
        0.9532083333,
        0.9723958333,
        0.9806458333,
        0.9856041667,
        0.9888125,
        0.9912291667,
        0.99275,
        0.9942708333,
        0.9954791667
      ],
      [
        0.7147083333,
        0.9537291667,
        0.9735208333,
        0.98125,
        0.9856875,
        0.9886666667,
        0.9910833333,
        0.9931458333,
        0.9945,
        0.9958125
      ],
      [
        0.7172916667,
        0.9537083333,
        0.9737916667,
        0.9811458333,
        0.9856666667,
        0.9886875,
        0.9905833333,
        0.9930625,
        0.9943125,
        0.9955208333
      ],
      [
        0.7173958333,
        0.9529375,
        0.97325,
        0.9814375,
        0.9858958333,
        0.9888125,
        0.9907708333,
        0.992875,
        0.994375,
        0.9955625
      ],
      [
        0.7144791667,
        0.9538958333,
        0.9739375,
        0.981375,
        0.9857291667,
        0.9886875,
        0.9916458333,
        0.9931666667,
        0.9943333333,
        0.9954375
      ]
    ],
    "1":[
      [
        0.7028541667,
        0.951625,
        0.9710625,
        0.9786666667,
        0.9827708333,
        0.9852291667,
        0.9871458333,
        0.9887083333,
        0.9899791667,
        0.9911041667
      ],
      [
        0.7012083333,
        0.9522291667,
        0.9723958333,
        0.9792708333,
        0.983,
        0.9855416667,
        0.9872291667,
        0.9887291667,
        0.9898541667,
        0.9907708333
      ],
      [
        0.6999791667,
        0.9501666667,
        0.9710208333,
        0.9789166667,
        0.9829583333,
        0.9853333333,
        0.9871666667,
        0.9886458333,
        0.9898541667,
        0.9908958333
      ],
      [
        0.7025416667,
        0.9523125,
        0.9718333333,
        0.9794583333,
        0.9830625,
        0.9857916667,
        0.9878958333,
        0.9892916667,
        0.9904583333,
        0.9913541667
      ],
      [
        0.7034583333,
        0.952375,
        0.9720625,
        0.9790833333,
        0.9831458333,
        0.9858541667,
        0.9879583333,
        0.9891041667,
        0.9903958333,
        0.9912916667
      ]
    ],
    "2":[
      [
        0.4823958333,
        0.9101458333,
        0.9539375,
        0.9705,
        0.9779791667,
        0.9831041667,
        0.9865833333,
        0.9888125,
        0.9904375,
        0.992375
      ],
      [
        0.4851875,
        0.9108333333,
        0.9546458333,
        0.97,
        0.9770416667,
        0.98175,
        0.9850208333,
        0.9875833333,
        0.9897708333,
        0.9913333333
      ],
      [
        0.4842708333,
        0.9120625,
        0.9547916667,
        0.9709166667,
        0.9779583333,
        0.9826458333,
        0.9857916667,
        0.9883958333,
        0.9904375,
        0.9920833333
      ],
      [
        0.4849791667,
        0.9128125,
        0.954375,
        0.97,
        0.9773958333,
        0.9818333333,
        0.9850625,
        0.9877916667,
        0.9897083333,
        0.9915625
      ],
      [
        0.4876458333,
        0.9121458333,
        0.9537708333,
        0.9697083333,
        0.9773125,
        0.9822708333,
        0.9860208333,
        0.9884375,
        0.9902291667,
        0.9919791667
      ]
    ]
  },
  "loss_test":{
    "0":[
      0.0454608926,
      0.0467544014,
      0.0376017285,
      0.0419321969,
      0.0447159439
    ],
    "1":[
      0.0518572042,
      0.0406656646,
      0.0373280072,
      0.0456422318,
      0.0439319162
    ],
    "2":[
      0.0678061749,
      0.0502540643,
      0.0469355333,
      0.0492859503,
      0.0663104748
    ]
  },
  "metric_test":{
    "0":[
      0.9863333333,
      0.98625,
      0.9880833333,
      0.9873333333,
      0.98625
    ],
    "1":[
      0.9847074468,
      0.9864527926,
      0.98828125,
      0.985206117,
      0.9862034574
    ],
    "2":[
      0.9795268174,
      0.9842641844,
      0.9855939716,
      0.983543883,
      0.9807734929
    ]
  },
  "lr":{
    "0":0.00008,
    "1":0.0002,
    "2":0.0002
  },
  "beta1":{
    "0":0.9,
    "1":0.9,
    "2":0.9
  },
  "beta2":{
    "0":0.999,
    "1":0.999,
    "2":0.999
  },
  "weight_decay":{
    "0":0.01,
    "1":1.0,
    "2":0.01
  },