{
  "loss_train": [
    [
      1.3532793327967325,
      0.18717200940242038,
      0.0840334649978516,
      0.05759927169167592,
      0.04291139571322128,
      0.03411150522367097,
      0.02460613516641509,
      0.023073940905435544,
      0.019796051037861615,
      0.018878716010245624
    ],
    [
      1.3490107145880659,
      0.18967414475853245,
      0.08435542579895507,
      0.06365785334228227,
      0.04694681174959987,
      0.029748574687934404,
      0.022659212563337253,
      0.017245610488855163,
      0.017261674929507233,
      0.019563024851863398
    ],
    [
      1.3468172821675737,
      0.1852011610021194,
      0.08300379430751006,
      0.05789790535283586,
      0.04603426811632623,
      0.03469016061521931,
      0.030696481160407227,
      0.02149000925878742,
      0.019575055522645924,
      0.019086939234296246
    ],
    [
      1.3476205426007508,
      0.18760435221157967,
      0.08349237543313454,
      0.059393472261610444,
      0.04401919468412719,
      0.03328980166248705,
      0.024163167481970352,
      0.01838437687114735,
      0.017216819036269346,
      0.017363128943343326
    ],
    [
      1.3507726578004657,
      0.1871910642577956,
      0.08581134442302088,
      0.060728970290278086,
      0.044773126011840456,
      0.03152958963638715,
      0.025554976992685018,
      0.02221508002768678,
      0.02384643819372104,
      0.020896298958122013
    ]
  ],
  "metric_train": [
    [
      0.622875,
      0.9454583333333333,
      0.9737291666666666,
      0.9820625,
      0.9860833333333333,
      0.9892916666666667,
      0.9920416666666667,
      0.9925416666666667,
      0.9937916666666666,
      0.9939583333333334
    ],
    [
      0.6214166666666666,
      0.9449166666666666,
      0.9738333333333333,
      0.9795,
      0.985,
      0.9911041666666667,
      0.9929791666666666,
      0.9945,
      0.994,
      0.9933958333333334
    ],
    [
      0.621875,
      0.9464375,
      0.9746666666666667,
      0.9818125,
      0.9852083333333334,
      0.9891875,
      0.9903333333333333,
      0.993,
      0.9935625,
      0.9935208333333333
    ],
    [
      0.6202916666666667,
      0.94475,
      0.9737291666666666,
      0.9814791666666667,
      0.9861666666666666,
      0.9895625,
      0.9923541666666666,
      0.9941041666666667,
      0.9942083333333334,
      0.9943541666666667
    ],
    [
      0.6236666666666667,
      0.9447916666666667,
      0.972875,
      0.9805416666666666,
      0.9856875,
      0.99,
      0.991625,
      0.9926458333333333,
      0.9915416666666667,
      0.9927708333333334
    ]
  ],
  "loss_test": [
    0.04028700066179381,
    0.043099275929365674,
    0.06247324355546609,
    0.050833480700258074,
    0.060185750024484536
  ],
  "metric_test": [
    0.9891123670212766,
    0.988779920212766,
    0.9840425531914894,
    0.9883643617021277,
    0.983626994680851
  ],
  "lr": 0.0001,
  "batch_size": 64
}