{
  "loss_train": [
    [
      0.2715922026839107,
      0.06038608216649542,
      0.040336863527540116,
      0.02921235599089414,
      0.021689824976783713,
      0.01642034377672826,
      0.012240166948943322,
      0.009326545190589968,
      0.007096447915559111,
      0.005482642369614041
    ],
    [
      0.2704908903023849,
      0.0611996388801684,
      0.04031514682279279,
      0.02941232479646957,
      0.02195521157628779,
      0.016664099155643878,
      0.012668087641776462,
      0.009400414430657596,
      0.007205954533612385,
      0.005734624908208692
    ],
    [
      0.27041138675933085,
      0.06204948488374551,
      0.0409538207090615,
      0.02943937925210533,
      0.021834181238974754,
      0.016447665528568904,
      0.012470021833190306,
      0.009667839001054139,
      0.0071067092315643095,
      0.005342770218878286
    ],
    [
      0.2705096029934163,
      0.0598719063155974,
      0.03932885693362914,
      0.02797714088341066,
      0.020391704717301763,
      0.015084022006679637,
      0.011411151647279136,
      0.008675627087828616,
      0.006589996632072144,
      0.004984155080845085
    ],
    [
      0.2729451951663941,
      0.05871584253245964,
      0.03848029864556156,
      0.02784659719831931,
      0.0205873154978035,
      0.015484869055061912,
      0.011775977300858357,
      0.00893281297108721,
      0.006783840500545921,
      0.005021896278776694
    ]
  ],
  "metric_train": [
    [
      0.9182916666666666,
      0.9813541666666666,
      0.987875,
      0.9913958333333334,
      0.9938125,
      0.9955,
      0.9968333333333333,
      0.9978125,
      0.9985625,
      0.9989583333333333
    ],
    [
      0.9175833333333333,
      0.980875,
      0.9876666666666667,
      0.9912291666666667,
      0.9938541666666667,
      0.9955833333333334,
      0.9966041666666666,
      0.997875,
      0.9985208333333333,
      0.9988958333333333
    ],
    [
      0.9185208333333333,
      0.9808333333333333,
      0.987625,
      0.991,
      0.9938958333333333,
      0.9956458333333333,
      0.9969583333333333,
      0.9978125,
      0.9985,
      0.9990625
    ],
    [
      0.9179166666666667,
      0.9812708333333333,
      0.9878333333333333,
      0.992125,
      0.9945416666666667,
      0.9962291666666667,
      0.9973125,
      0.998125,
      0.9988541666666667,
      0.9990416666666667
    ],
    [
      0.9160416666666666,
      0.9817916666666666,
      0.9882708333333333,
      0.9918333333333333,
      0.9942291666666667,
      0.9957916666666666,
      0.9971875,
      0.9980833333333333,
      0.9987083333333333,
      0.9992083333333334
    ]
  ],
  "loss_test": [
    0.049133291311358955,
    0.045104258545448986,
    0.041516214602953815,
    0.052617296905698316,
    0.04879794666138626
  ],
  "metric_test": [
    0.9855662677304965,
    0.9880042109929078,
    0.9881981382978723,
    0.9877548758865248,
    0.9894448138297872
  ],
  "lr": 0.12589254117941673,
  "decreasing_lr": false,
  "batch_size": 128
}